{"cameraMode":{"drawMode":0,"name":"Shaded","section":"Shading Mode"},"sceneLighting":true,"audioPlay":false,"sceneViewState":{"showFog":true,"showMaterialUpdate":false,"showSkybox":true,"showFlares":true,"showImageEffects":true,"showParticleSystems":true},"in2DMode":false,"pivot":{"x":1.465181827545166,"y":-22.695560455322267,"z":31.374618530273439},"rotation":{"x":-0.31328845024108889,"y":-0.029866132885217668,"z":0.008497853763401509,"w":-0.9494472146034241},"size":21.893447875976564,"orthographic":false}